{"m60729915894": 1781381633.7053256, "m27013507940": 1781381633.7053342, "m17351104871": 1781381633.7053363, "m99172620789": 1781381633.7053394, "m37138755285": 1781381633.7053416, "m11806120448": 1781381633.7053428, "m72889907907": 1781381633.9572392, "m58801587931": 1781381633.9572468, "m38807307599": 1781381633.9572566, "m68854332304": 1781381633.957259, "m73548651985": 1781381634.2068837, "m10301275836": 1781381634.2068915, "m65314222363": 1781381634.206894, "m84281078647": 1781381634.2068958, "m86836098642": 1781381634.2069035, "m53598852534": 1781381634.2069075, "m91389424748": 1781381634.206909, "m25078920148": 1781381634.2069123, "m14858198963": 1781381634.2069151, "m63780952339": 1781381634.2069166, "m54216128515": 1781381634.4571335, "m58345468418": 1781381634.6958034, "m85617733013": 1781381634.6958177, "m84909046489": 1781381634.6958213, "m81965776766": 1781381634.9533153, "m87152271064": 1781381634.9533284, "m99971694173": 1781381635.192574, "m19109935705": 1781381635.19258, "m93314844612": 1781381635.1925855, "m52860812631": 1781381635.1925914, "m98888963291": 1781381635.1925948, "m24592667446": 1781381635.192596, "m25717158058": 1781381635.1925983, "m77743893274": 1781381635.1925998, "m35133894988": 1781381635.1926012, "m76731220783": 1781381635.435997, "m24731993577": 1781381635.436005, "m16337018604": 1781381635.4360075, "m70942761483": 1781381635.6787558, "m35309530265": 1781381635.9149961, "m25851640831": 1781381635.9150033, "m17313498801": 1781381635.9150057, "m88657137287": 1781381635.915014, "m32210033687": 1781381635.915027, "m24065010834": 1781381635.9150302, "m60124081261": 1781381635.915033, "m11993860736": 1781381635.9150348, "m77529451171": 1781381635.9150374, "m85620682646": 1781381636.1500628, "m20432837535": 1781381636.1500757, "m13984093100": 1781381636.1500795, "m74270273012": 1781381636.399939, "m53483095852": 1781381636.636238, "m67491791652": 1781381636.6362448, "m60886857685": 1781381636.6362474, "m16126176304": 1781381636.8714592, "m31350682132": 1781381636.8714666, "m95567470831": 1781381636.871469, "m89416967767": 1781381636.8714762, "m97925679002": 1781381636.871479, "m91267988339": 1781381637.3397043, "m50355788767": 1781381637.3397076, "m66966911537": 1781381637.339709, "m52842070626": 1781381637.33971, "m81943416945": 1781381637.3397126, "m51505747107": 1781381637.3397145, "m99390397202": 1781381637.3397167, "m51234541192": 1781381637.3397188, "2JSVdKTdYAicj6JbZCzyK2": 1781381637.339721, "2JRMf3GG93v3cJrfNqTMiB": 1781381637.3397226, "m42407649716": 1781381637.3397238, "m24354453473": 1781381637.3397257, "m98603588829": 1781381637.3397274, "2JSSgoa8WEY6Ndp47Ap222": 1781381637.339729, "m19932561325": 1781381637.339731, "2JSRmHBFnvkaXB5aGnXFHG": 1781381637.3397326, "m68812727704": 1781381637.3397346, "m58166703231": 1781381637.3397362, "m67221839870": 1781381637.3397381, "m76109791216": 1781381637.3397398, "m67587647270": 1781381637.3397412, "m29122857480": 1781381637.3397427, "m44284585275": 1781381637.3397446, "m69837383407": 1781381637.3397462, "m25579614702": 1781381637.3397481, "m88781304456": 1781381637.3397489, "m51893785999": 1781381637.3397539, "m24908154103": 1781381637.3397558, "m84124764869": 1781381637.3397577, "m33037634522": 1781381637.339759, "m55295144825": 1781381637.3397605, "m54067596544": 1781381637.3397622, "m77572990199": 1781381637.3397636, "m65025345773": 1781381637.3397655, "m87963365976": 1781381637.3397675, "m71408914450": 1781381637.3397691, "m42674926037": 1781381637.3397708, "m87335194445": 1781381637.3397727, "m10428841759": 1781381637.3397741, "m54358818307": 1781381637.339775, "m43755047085": 1781381637.339777, "m26371633426": 1781381637.3397787, "m75120809311": 1781381637.3397803, "m70829317295": 1781381637.339782, "m22984962105": 1781381637.3397832, "m62077714705": 1781381637.3397849, "m85731917436": 1781381637.3397865, "m28070160532": 1781381637.3397884, "m22265637049": 1781381637.3397903, "m69682600789": 1781381637.3397918, "m75450137313": 1781381637.3397937, "m44163144938": 1781381637.339795, "m60987725928": 1781381637.339797, "m78255855919": 1781381637.3397987, "m75744421975": 1781381637.3398004, "m73504982861": 1781381637.3398018, "m15108521638": 1781381637.3398035, "m61790303845": 1781381637.3398051, "m46010104315": 1781381637.3398068, "m50738913189": 1781381637.339808}